{
    "x": {
        "X": [
            -1.8564465498690976,
            10.701614675764294
        ]
    },
    "f": [
        110.9935073090024,
        -110.829346265827
    ],
    "Population": {
        "X": [
            -20.0,
            20.0
        ]
    },
    "SampleSpace": {
        "X": 1
    }
}