{
    "Solution": {
        "X": [
            -2.989257006279549,
            7.0485533741606385
        ]
    },
    "Values": [
        63.47768339477962,
        -63.488310976585986
    ],
    "Population": {
        "X": [
            -20.0,
            20.0
        ]
    },
    "SampleSpace": {
        "X": 1
    }
}