{
    "Solution": {
        "X": [
            -0.5490453532112775,
            -0.5621754915798319,
            -0.5438618368872998
        ]
    },
    "Values": [
        0.9781685272115127,
        0.0021506013780425715
    ],
    "Population": {
        "X": [
            -4.0,
            4.0
        ]
    },
    "SampleSpace": {
        "X": 1
    }
}