{
    "Solution": {"X1": 0.97556691891131, "X2": 1.0537450679915605},
    "Values": [8.24843792636258, 31.76898961256194],
    "Population": {"X1": [0.0, 5.0], "X2": [0.0, 3.0]},
    "SampleSpace": {"X1": 1, "X2": 1},
}
