{
    "x": {
        "X1": 0.9938689347297684,
        "X2": 0.890254369685594
    },
    "f": [
        7.121313208660716,
        32.93909525801156
    ],
    "Population": {
        "X1": [
            0.0,
            5.0
        ],
        "X2": [
            0.0,
            3.0
        ]
    },
    "SampleSpace": {
        "X1": 1,
        "X2": 1
    }
}