{
    "x": {
        "Items": [
            174,
            344,
            434
        ]
    },
    "f": [
        -1331.8689839975518,
        5.667100069742673
    ],
    "Population": {
        "Items": [
            517,
            476,
            993,
            15,
            725,
            744,
            212,
            85,
            491,
            552,
            321,
            543,
            200,
            112,
            819,
            425,
            833,
            14,
            590,
            185,
            718,
            999,
            680,
            190,
            251,
            309,
            621,
            141,
            220,
            903,
            398,
            719,
            332,
            767,
            644,
            845,
            563,
            210,
            564,
            648,
            456,
            209,
            516,
            753,
            650,
            192,
            671,
            438,
            348,
            576,
            464,
            151,
            16,
            604,
            291,
            549,
            394,
            724,
            696,
            356,
            762,
            372,
            633,
            828,
            69,
            935,
            566,
            685,
            255,
            380,
            502,
            850,
            470,
            67,
            349,
            442,
            933,
            634,
            629,
            657,
            804,
            808,
            270,
            506,
            580,
            690,
            461,
            490,
            417,
            630,
            264,
            695,
            551,
            661,
            605,
            967,
            693,
            215,
            754,
            818,
            60,
            219,
            793,
            817,
            768,
            625,
            191,
            287,
            163,
            619,
            593,
            966,
            548,
            807,
            838,
            168,
            679,
            471,
            892,
            791,
            638,
            352,
            672,
            839,
            407,
            623,
            526,
            39,
            778,
            418,
            636,
            480,
            570,
            281,
            497,
            984,
            757,
            741,
            303,
            821,
            752,
            390,
            848,
            483,
            573,
            613,
            125,
            447,
            759,
            918,
            684,
            481,
            876,
            520,
            908,
            562,
            883,
            737,
            702,
            670,
            123,
            786,
            664,
            770,
            794,
            577,
            969,
            457,
            996,
            691,
            858,
            784,
            837,
            826,
            758,
            510,
            518,
            958,
            922,
            856,
            545,
            873,
            919,
            771,
            965,
            805,
            930,
            712,
            772,
            666,
            915,
            882,
            699,
            954,
            846,
            849,
            987,
            894,
            925,
            706,
            811,
            992,
            860,
            534,
            796,
            888,
            816,
            909,
            911,
            790,
            809,
            923,
            863,
            841,
            861,
            697,
            924,
            940,
            785,
            373,
            665,
            917,
            985,
            868,
            890,
            789,
            822,
            961,
            11,
            902,
            823,
            601,
            499,
            852,
            698,
            874,
            910,
            960,
            989,
            900,
            951,
            975,
            871,
            959,
            779,
            964,
            171,
            855,
            377,
            952,
            957,
            641,
            990,
            836,
            513,
            273,
            905,
            257,
            830,
            953,
            801,
            571,
            834,
            345,
            310,
            815,
            735,
            942,
            971,
            936,
            478,
            202,
            831,
            279,
            949,
            371,
            765,
            929,
            956,
            561,
            914,
            896,
            798,
            880,
            813,
            853,
            602,
            835,
            560,
            916,
            776,
            47,
            459,
            970,
            995,
            102,
            686,
            342,
            881,
            462,
            82,
            800,
            675,
            594,
            998,
            492,
            365,
            682,
            408,
            676,
            252,
            997,
            782,
            496,
            432,
            714,
            427,
            814,
            659,
            870,
            688,
            176,
            340,
            829,
            825,
            878,
            444,
            34,
            589,
            515,
            780,
            740,
            530,
            912,
            511,
            749,
            406,
            267,
            781,
            183,
            978,
            568,
            463,
            640,
            441,
            745,
            250,
            812,
            586,
            973,
            624,
            994,
            284,
            783,
            467,
            178,
            983,
            857,
            946,
            473,
            635,
            889,
            166,
            926,
            763,
            498,
            50,
            302,
            84,
            488,
            362,
            710,
            528,
            627,
            847,
            832,
            736,
            486,
            921,
            554,
            711,
            366,
            12,
            187,
            37,
            420,
            514,
            280,
            375,
            775,
            673,
            0,
            709,
            71,
            583,
            405,
            713,
            103,
            618,
            474,
            228,
            612,
            616,
            533,
            393,
            611,
            795,
            395,
            436,
            501,
            333,
            755,
            717,
            653,
            879,
            544,
            256,
            57,
            235,
            708,
            588,
            862,
            431,
            678,
            727,
            253,
            487,
            733,
            468,
            963,
            689,
            730,
            336,
            411,
            226,
            864,
            750,
            121,
            654,
            769,
            610,
            539,
            787,
            286,
            981,
            886,
            435,
            288,
            748,
            536,
            939,
            756,
            928,
            555,
            732,
            557,
            424,
            493,
            927,
