{
    "x": {
        "Items": [
            90,
            519
        ]
    },
    "f": [
        -976.6254079111262,
        3.6963703480043604
    ],
    "Population": {
        "Items": [
            517,
            233,
            993,
            141,
            725,
            744,
            212,
            251,
            491,
            552,
            321,
            543,
            53,
            190,
            819,
            833,
            14,
            590,
            718,
            999,
            680,
            447,
            309,
            621,
            85,
            903,
            576,
            332,
            767,
            644,
            845,
            520,
            291,
            564,
            648,
            456,
            167,
            516,
            753,
            650,
            192,
            671,
            394,
            348,
            16,
            372,
            151,
            331,
            417,
            549,
            210,
            724,
            696,
            630,
            762,
            633,
            619,
            935,
            464,
            685,
            255,
            563,
            850,
            470,
            168,
            461,
            604,
            933,
            634,
            629,
            200,
            804,
            808,
            270,
            506,
            580,
            690,
            801,
            69,
            163,
            264,
            349,
            551,
            39,
            605,
            967,
            693,
            215,
            754,
            818,
            476,
            828,
            793,
            442,
            768,
            918,
            191,
            117,
            490,
            548,
            966,
            807,
            908,
            770,
            679,
            471,
            892,
            526,
            661,
            352,
            778,
            839,
            407,
            623,
            758,
            636,
            910,
            625,
            876,
            497,
            695,
            791,
            919,
            817,
            821,
            757,
            390,
            848,
            483,
            666,
            719,
            125,
            794,
            577,
            566,
            638,
            570,
            741,
            984,
            480,
            573,
            672,
            593,
            670,
            123,
            786,
            752,
            702,
            737,
            518,
            562,
            457,
            534,
            958,
            784,
            888,
            838,
            883,
            712,
            964,
            922,
            856,
            545,
            873,
            684,
            571,
            759,
            805,
            930,
            691,
            954,
            969,
            915,
            861,
            849,
            60,
            846,
            900,
            996,
            894,
            923,
            706,
            909,
            510,
            860,
            664,
            816,
            965,
            957,
            837,
            911,
            765,
            863,
            772,
            836,
            790,
            890,
            499,
            992,
            925,
            665,
            373,
            771,
            882,
            985,
            809,
            902,
            822,
            961,
            202,
            858,
            823,
            830,
            871,
            852,
            698,
            874,
            940,
            960,
            826,
            789,
            785,
            697,
            171,
            959,
            561,
            989,
            855,
            952,
            975,
            641,
            998,
            796,
            956,
            811,
            905,
            814,
            924,
            953,
            917,
            602,
            779,
            345,
            310,
            868,
            735,
            942,
            971,
            936,
            478,
            813,
            831,
            279,
            990,
            11,
            949,
            929,
            951,
            371,
            699,
            896,
            798,
            815,
            914,
            853,
            841,
            835,
            560,
            916,
            776,
            47,
            459,
            970,
            995,
            102,
            686,
            342,
            881,
            462,
            800,
            675,
            594,
            682,
            492,
            365,
            408,
            676,
            252,
            997,
            782,
            496,
            857,
            714,
            427,
            880,
            659,
            870,
            688,
            176,
            340,
            829,
            825,
            878,
            444,
            34,
            589,
            515,
            780,
            740,
            530,
            912,
            511,
            749,
            406,
            267,
            781,
            183,
            834,
            568,
            463,
            640,
            441,
            745,
            250,
            812,
            586,
            973,
            624,
            994,
            284,
            783,
            467,
            432,
            847,
            983,
            946,
            473,
            713,
            889,
            166,
            926,
            763,
            474,
            302,
            84,
            488,
            362,
            710,
            528,
            627,
            554,
            832,
            736,
            921,
            711,
            366,
            103,
            187,
            37,
            420,
            611,
            280,
            375,
            486,
            673,
            0,
            775,
            71,
            583,
            405,
            533,
            618,
            54,
            228,
            635,
            616,
            514,
            393,
            795,
            501,
            395,
            709,
            435,
            333,
            755,
            717,
            653,
            879,
            544,
            256,
            436,
            235,
            708,
            588,
            862,
            431,
            612,
            727,
            253,
            487,
            733,
            468,
            963,
            689,
            730,
            336,
            411,
            226,
            864,
            750,
            121,
            654,
            769,
            610,
            539,
            787,
            286,
            981,
            886,
            756,
            288,
            748,
            536,
            939,
            716,
            928,
            555,
            732,
            557,
            424,
            493,
            658,
            660,
            437,
            238,
            389,
            73,
            254,
            572,
            358,
            388,
            347,
            694,
            454,
            609,
            180,
            891,
            591,
            29,
            268,
            227,
            884,
            419,
            307,
            729,
            937,
            12,
            494,
            976,
            774,
