{
    "Solution": [{"X": [0.9945127249490315, 0.9930117253986606, 0.9828743912533988]}],
    "Values": [[0.010482394916747965]],
}
