{
    "Solution": {"X": [0.9988920617718602, 1.0076712490483248, 1.0255144163687844]},
    "Values": [0.02600807569759752],
    "Population": {"X": [-100, 100]},
    "SampleSpace": {"X": 1},
}
