{
    "x": {
        "X": [
            1.0010230081413158,
            1.002265827636082,
            1.0044758281864978
        ]
    },
    "f": [
        0.0006232094825663027
    ],
    "Population": {
        "X": [
            -100,
            100
        ]
    },
    "SampleSpace": {
        "X": 1
    }
}