{
    "Solution": {
        "X": [
            0.555878702030437,
            0.5663221826733562,
            0.552329622872316
        ]
    },
    "Values": [
        0.001207949471598746,
        0.9791076295498785
    ],
    "Population": {
        "X": [
            -4.0,
            4.0
        ]
    },
    "SampleSpace": {
        "X": 1
    }
}