{
    "x": {
        "X": [
            -0.5577000062737244,
            -0.5649493138558825,
            -0.5625057766439375
        ]
    },
    "f": [
        0.9796048728218102,
        0.000759986548614533
    ],
    "Population": {
        "X": [
            -4.0,
            4.0
        ]
    },
    "SampleSpace": {
        "X": 1
    }
}