{
    "x": {
        "X": [
            -0.001454798899380938,
            -0.0010881007245366892
        ]
    },
    "f": [
        0.0006547700281878122
    ],
    "Population": {
        "X": [
            -5.12,
            5.12
        ]
    },
    "SampleSpace": {
        "X": 1
    }
}